MOSTAGANEM-MOSTAGANEM,dz-mg 
MOSTAGANEM-ORAN,dz-or 
MOSTAGANEM-Chlef-Blida-ALGER,dz-al 
MOSTAGANEM-RELIZANE,dz-re 
MOSTAGANEM-BOUGUIRAT,dz-mg 
SIG-Mascara-FROHA,dz-mc 
MOSTAGANEM-CHLEF,dz-ch
MOSTAGANEM-Sidi Lakhdar -Achaacha,dz-mg 
SIG-RELIZANE,dz-re 
SIG-ORAN,dz-or 
MOSTAGANEM-SIDI LAKHDAR,dz-mg 
MOSTAGANEM-AIN NOUISSY,dz-mg 
MOSTAGANEM-Tiaret-Msila-BATNA,dz-bt 
MOSTAGANEM-Relizane-TIARET,dz-tr 
SIG-ALGER,dz-al 
MOSTAGANEM-Mohamadia-Mascara-FROHA,dz-mc 
MOSTAGANEM-Chlef-Blida-BOUMERDES,dz-bm
MOSTAGANEM-MESRA,dz-mg 
MOSTAGANEM-Chlef-BLIDA,dz-bl 
MOSTAGANEM-Bethioua-Tlelat-SIDI BELABBES,dz-sb
MOSTAGANEM- SIRAT,dz-mg 
MOSTAGANEM-Oran-AIN TEMOUCHENT,dz-at 
MOSTAGANEM-Tiaret-Bba-SETIF,dz-sf
MOSTAGANEM-Mascara-SAIDA,dz-sd
SIG-Tlelat-Zahana-SIDI BELABES,dz-sb
MOSTAGANEM-Oran-TLEMCEN,dz-tl 
MOSTAGANEM-FORNAKA,dz-mg 
MOSTAGANEM-H.MAMACHE,dz-mg 
SIG - SAIDA,dz-sd
MOSTAGANEM-Chlef-Blida-BOUIRA,dz-bu 
SIG-BATNA,dz-bt 
MOSTAGANEM-Tiaret-Constantine-EL KHROUB,dz-co 
MOSTAGANEM-Tiaret-Batna-OUM EL BOUAGUI,dz-ob
MOSTAGANEM- SIDI ALI,dz-mg 
SIG-CHLEF,dz-ch
MOSTAGANEM- Stidia,dz-mg 
MOSTAGANEM-AIN TEDLES,dz-mg 
MOSTAGANEM-Mansourah,dz-mg 
MOSTAGANEM-METLILI,dz-gr
SIG-BLIDA,dz-bl 
SIG-OUM EL BOUAGHI,dz-ob
MOSTAGANEM- Achaacha- Nekmaria,dz-mg 
MOSTAGANEM- Our?ah,dz-mg 
MOSTAGANEM- Oued El Kheir,dz-mg 
SIG - METLILI,dz-gr
SIG-SETIF,dz-sf
SIG-Relizane-TIARET,dz-tr 
MOSTAGANEM-Blida-Constantine-SKIKDA,dz-sk 
SIG-MOSTAGANEM,dz-mg 
SIG-Tlelat-Sidi belabes-TLEMCEN,dz-tl 
SIG-TIZI OUZOU,dz-to 
MOSTAGANEM- Souafliya,dz-mg 
SIG-EL KHROUB,dz-co 
MOSTAGANEM- SAFSAF,dz-mg 
SIG-MOHAMADIA,dz-mc 
SIG-SIG,dz-mc 
SIG-MSILA,dz-ms 
SIG-AIN TEMOUCHENT,dz-at 
MOSTAGANEM-Chlef-Alger-TIZI OUZOU,dz-to 
,
MOSTAGANEM-EL KARIMIA,dz-ch
MOSTAGANEM-Chlef-AIN DEFLA,dz-ad 
MOSTAGANEM-Relizane-Tiaret-DJELFA,dz-dj 
MOSTAGANEM-Blida-Tizi ouzou-BEJAIA,dz-bj 
SIG-AIN DEFLA,dz-ad 
MOSTAGANEM- Achaacha- Ouled Boughalem,dz-mg 
SIG-DJELFA,dz-dj 
MOSTAGANEM-Tiaret-Biskra-EL OUED,dz-1950 
SIG-BEJAIA,dz-bj 
SIG-Saida-Bougtob-EL BAYADH,dz-eb 
MOSTAGANEM-Relizane-Tiaret-MSILA,dz-ms 
SIG-OUED SOUF,dz-1950 
MOSTAGANEM-Mascara-Saida-EL BAYADH,dz-eb 
MOSTAGANEM-Chlef-El khemis-MEDEA,dz-md 
SIG-OUARGLA,dz-og 
MOSTAGANEM-SIG,dz-mc 
MOSTAGANEM-Relizane-Tiaret-AIN DHEB,dz-tr 
SIG-Alger-Constantine-SKIKDA,dz-sk
MOSTAGANEM-Tiaret-Laghouat-GHARDAIA,dz-gr
SIG-BOUMERDES,dz-bm
MOSTAGANEM-Relizane-DJDIOUIA,dz-re
MOSTAGANEM-Relizane-Tiaret-MEDRISSA,dz-tr 
SIG-Chlef-Alger-BOUIRA,dz-bu
MOSTAGANEM-Tiaret-Ghardaia-OUARGLA,dz-og 
MOSTAGANEM-Chlef-Beni Haoua,dz-mc 
MOSTAGANEM-AIN SIDI CHERIF,dz-mg 
SIG-MEDEA,dz-md 
MOSTAGANEM-Mohamadia-MASCARA,dz-mc 
SIG-MASCARA,dz-mc 
SIG-Relizane-Setif-CONSTANTINE,dz-co
MOSTAGANEM-Sidi lakhdar-Khadra,dz-mg 
ALGERMOSTA,dz-al
MOSTAGANEM-Hadjadj-TENES,dz-ch
MOSTAGANEM-Boukadir-Chlef- Chettia,dz-ch
MOSTA-Sidi Lakhdar-Achaacha-Taougrite,dz-ch
MOSTAGANEM-Tiaret-Oum el bouagui-SOUK AH,dz-sa
SIG-SOUK AHRASSE,dz-sa
MOSTAGANEM-TOUGGOURT,dz-og
SIG-TOUGGOURT,dz-og
